t,v_cmd,v_meas
0.080148,0.300000,0.645290
0.100021,0.302820,0.643083
0.120060,0.305685,0.640532
0.140024,0.308530,0.636610
0.160023,0.311385,0.632384
0.180551,0.314389,0.628148
0.200034,0.317101,0.623777
0.220087,0.319971,0.620365
0.240034,0.322811,0.616810
0.260067,0.325675,0.613714
0.280096,0.328538,0.611506
0.300866,0.331611,0.610183
0.320034,0.334239,0.609378
0.340029,0.337092,0.608240
0.360048,0.339952,0.606685
0.380123,0.342828,0.605034
0.400033,0.345658,0.603560
0.420046,0.348517,0.602423
0.440028,0.351367,0.600995
0.460046,0.354226,0.599395
0.480066,0.357087,0.597816
0.500054,0.359939,0.596287
0.520046,0.362791,0.594454
0.540029,0.365641,0.591359
0.560031,0.368496,0.587403
0.580055,0.371358,0.583444
0.600076,0.374219,0.578989
0.620083,0.377076,0.574380
0.640028,0.379915,0.568131
0.660082,0.382785,0.560849
0.680206,0.385675,0.554276
0.700079,0.388494,0.548925
0.720087,0.391351,0.544852
0.740023,0.394188,0.541443
0.760079,0.397059,0.538524
0.781032,0.400185,0.536022
0.800062,0.402776,0.533754
0.820084,0.405637,0.531812
0.840038,0.408479,0.529686
0.860046,0.411336,0.527637
0.880270,0.414254,0.526063
0.900053,0.417048,0.525195
0.920078,0.419910,0.525330
0.940029,0.422752,0.525292
0.960040,0.425610,0.525330
0.980863,0.428698,0.526125
1.000054,0.431332,0.528003
1.020040,0.434183,0.531541
1.040068,0.437045,0.536140
1.060073,0.439902,0.541847
1.080077,0.442758,0.548468
1.100035,0.445601,0.554685
1.120028,0.448454,0.560515
1.140029,0.451309,0.566036
1.160030,0.454164,0.572066
1.180085,0.457034,0.578275
1.200039,0.459876,0.583004
1.220073,0.462741,0.586029
1.240027,0.465583,0.587038
1.260031,0.468439,0.586848
1.281342,0.471670,0.585512
1.300033,0.474171,0.583028
1.320130,0.477053,0.580248
1.340028,0.479880,0.577315
1.360031,0.482736,0.574864
1.380085,0.485606,0.573023
1.400034,0.488446,0.571456
1.420035,0.491301,0.570342
1.440025,0.494153,0.568935
1.460046,0.497014,0.567856
1.480080,0.499879,0.567564
1.500154,0.502754,0.568172
1.520029,0.505574,0.569782
1.540028,0.508429,0.571114
1.560033,0.511285,0.572483
1.580057,0.514147,0.574261
1.600697,0.517182,0.575724
1.620088,0.519870,0.576553
1.640048,0.522714,0.575689
1.660043,0.525567,0.573944
1.680053,0.528425,0.571154
1.700056,0.531281,0.567773
1.720131,0.534157,0.563841
1.740035,0.536985,0.559051
1.760031,0.539838,0.555404
1.780075,0.542705,0.552655
1.800027,0.545547,0.551011
1.820245,0.548463,0.550197
1.840066,0.551268,0.549525
1.860026,0.554112,0.548599
1.880030,0.556968,0.547048
1.900032,0.559823,0.544640
1.920025,0.562676,0.542044
1.940150,0.565566,0.538612
1.960116,0.568412,0.533205
1.980097,0.571261,0.527471
2.000031,0.574097,0.520590
2.020034,0.576953,0.514713
2.040223,0.579861,0.507046
2.060224,0.582716,0.499156
2.080268,0.585583,0.491125
2.100074,0.588385,0.483106
2.120040,0.591230,0.477435
2.140021,0.594079,0.472868
2.160062,0.596946,0.469951
2.180023,0.599790,0.468615
2.200269,0.602713,0.468337
2.220110,0.605524,0.468682
2.240018,0.608354,0.469057
2.260019,0.611209,0.469312
2.280029,0.614066,0.468602
2.300059,0.616930,0.467170
2.320035,0.619778,0.465996
2.340036,0.622633,0.465446
2.360782,0.625699,0.465160
2.380015,0.628344,0.464934
2.400005,0.631196,0.466012
2.420032,0.634059,0.468020
2.440028,0.636913,0.470834
2.460034,0.639769,0.474015
2.480026,0.642622,0.477150
2.500018,0.645474,0.481250
2.520057,0.648340,0.486537
2.540062,0.651196,0.491650
2.560027,0.654041,0.496283
2.580027,0.656896,0.500279
2.600023,0.659750,0.504057
2.620033,0.662608,0.507463
2.640061,0.665471,0.510061
2.660051,0.668323,0.512083
2.680167,0.671210,0.513617
2.700021,0.674024,0.516024
2.720000,0.676873,0.520127
2.740019,0.679734,0.523009
2.760162,0.682628,0.525924
2.780030,0.685446,0.528857
2.800026,0.688300,0.532161
2.820024,0.691154,0.535624
2.840003,0.694004,0.538089
2.860013,0.696861,0.539557
2.880052,0.699727,0.541000
2.900020,0.702573,0.542012
2.920006,0.705424,0.542614
2.940002,0.708278,0.542994
2.960013,0.711136,0.544100
2.980285,0.714067,0.546162
3.000018,0.716848,0.548677
3.020051,0.719712,0.550830
3.040017,0.722557,0.552623
3.060013,0.725411,0.554669
3.080191,0.728316,0.557414
3.100022,0.731124,0.560590
3.120006,0.733974,0.563917
3.140003,0.736828,0.567594
3.160047,0.739695,0.571902
3.180021,0.742543,0.576336
3.200002,0.745393,0.580029
3.220019,0.748252,0.582534
3.240002,0.751102,0.584117
3.260003,0.753958,0.586073
3.280020,0.756817,0.588027
3.300088,0.759691,0.589442
3.320014,0.762525,0.590178
3.340002,0.765377,0.590237
3.360012,0.768235,0.590455
3.380030,0.771094,0.590477
3.400001,0.773941,0.590024
3.420017,0.776800,0.589419
3.440000,0.779651,0.588745
3.460013,0.782509,0.588387
3.480453,0.785488,0.588187
3.499996,0.788217,0.588109
3.520003,0.791074,0.588282
3.539996,0.793926,0.587881
3.560001,0.796783,0.587347
3.580016,0.799642,0.586559
3.599993,0.802490,0.584984
3.619999,0.805347,0.583765
3.639992,0.808200,0.581872
3.660015,0.811061,0.579202
3.679996,0.813911,0.575729
3.699996,0.816766,0.571450
3.720013,0.819625,0.567472
3.739995,0.822475,0.563430
3.760184,0.825383,0.560162
3.779993,0.828185,0.557028
3.799997,0.831041,0.554614
3.820042,0.833908,0.553243
3.840000,0.836751,0.552693
3.860188,0.839659,0.553361
3.879995,0.842460,0.554486
3.900040,0.845327,0.555985
3.919997,0.848170,0.558130
3.939991,0.851024,0.559830
3.960784,0.854103,0.560951
3.980036,0.856754,0.561784
3.999993,0.859596,0.562698
4.019995,0.862452,0.563412
4.039991,0.865306,0.563300
4.060147,0.868204,0.563332
4.079989,0.871015,0.564166
4.099992,0.873871,0.565298
4.119989,0.876725,0.566589
4.140073,0.879603,0.567929
4.159980,0.882432,0.570338
4.180041,0.885304,0.573076
4.199986,0.888144,0.575730
4.220003,0.891003,0.578185
4.240018,0.893862,0.580646
4.259990,0.896709,0.583262
4.279990,0.899564,0.585210
4.300003,0.902423,0.586667
4.320042,0.905289,0.587917
4.340078,0.908154,0.588766
4.359987,0.910983,0.589054
4.379991,0.913839,0.588645
4.399987,0.916693,0.588085
4.420050,0.919565,0.588027
4.439979,0.922400,0.587270
4.460033,0.925270,0.586558
4.479985,0.928112,0.586994
4.499987,0.930967,0.589061
4.520092,0.933852,0.592694
4.540028,0.936689,0.597598
4.560025,0.939543,0.603336
4.579987,0.942387,0.610252
4.600094,0.945272,0.617499
4.620106,0.948130,0.626096
4.639980,0.950950,0.634961
4.659985,0.953806,0.644355
4.679986,0.956661,0.653936
4.699985,0.959516,0.663364
4.719982,0.962370,0.673668
4.739979,0.965224,0.682081
4.759983,0.968080,0.689886
4.779999,0.970939,0.696880
4.799984,0.973790,0.703261
4.820022,0.976655,0.709495
4.840021,0.979510,0.713912
4.860028,0.982367,0.717818
4.880027,0.985221,0.721334
4.900004,0.988070,0.723992
4.920033,0.990933,0.725568
4.940026,0.993786,0.725766
4.960041,0.996645,0.726148
4.980002,0.999489,0.727133
4.999983,1.002339,0.727560
5.019974,1.005191,0.727191
5.039975,1.008046,0.726593
5.060023,1.010914,0.727020
5.080002,1.013763,0.727949
5.100026,1.016625,0.728307
5.119982,1.019468,0.729286
5.139977,1.022321,0.731151
5.159981,1.025177,0.732962
5.179976,1.028030,0.733968
5.199976,1.030885,0.734035
5.219987,1.033743,0.734263
5.239971,1.036594,0.733997
5.260525,1.039605,0.732793
5.280070,1.042334,0.730904
5.299977,1.045163,0.729683
5.320024,1.048032,0.729275
5.340036,1.050890,0.728372
5.359982,1.053729,0.726631
5.379974,1.056582,0.724501
5.399977,1.059438,0.722696
5.419969,1.062290,0.720735
5.439977,1.065148,0.717854
5.460030,1.068017,0.714274
5.479972,1.070856,0.710327
5.499976,1.073712,0.706169
5.519989,1.076570,0.701244
5.540004,1.079429,0.695865
5.559972,1.082275,0.690862
5.579969,1.085130,0.686149
5.599974,1.087986,0.681981
5.619971,1.090840,0.678301
5.639971,1.093695,0.675758
5.659969,1.096549,0.674259
5.679962,1.099402,0.673248
5.699978,1.102261,0.672801
5.719971,1.105114,0.673445
5.739979,1.107971,0.674276
5.759998,1.110831,0.674960
5.779962,1.113676,0.674989
5.799965,1.116532,0.674920
5.819976,1.119390,0.675302
5.840225,1.122315,0.675278
5.859965,1.125098,0.674824
5.879976,1.127956,0.674249
5.899965,1.130807,0.674004
5.919977,1.133665,0.673917
5.941136,1.136852,0.674317
5.959959,1.139388,0.675558
5.979967,1.142245,0.677698
5.999970,1.145101,0.680820
6.019975,1.147957,0.683925
6.040265,1.150893,0.687235
6.059955,1.153662,0.691803
6.079971,1.156522,0.695854
6.099964,1.159375,0.699859
6.120002,1.162240,0.703571
6.139959,1.165083,0.707139
6.161073,1.168256,0.710274
6.179966,1.170810,0.712010
6.199967,1.173666,0.712735
6.219960,1.176519,0.713722
6.239959,1.179373,0.714542
6.259973,1.182232,0.714585
6.280159,1.185139,0.714006
6.299957,1.187938,0.713643
6.319965,1.190795,0.713595
6.339954,1.193647,0.713431
6.359974,1.196507,0.714015
6.380070,1.199389,0.716001
6.399949,1.202210,0.719149
6.419960,1.205068,0.722055
6.439961,1.207923,0.725553
6.459995,1.210788,0.729405
6.479959,1.213633,0.733422
6.499966,1.216489,0.736366
6.519957,1.219342,0.738938
6.539958,1.222197,0.741275
6.560157,1.225107,0.743015
6.579961,1.227908,0.744024
6.600026,1.230781,0.744632
6.619952,1.233615,0.745262
6.639968,1.236475,0.745199
6.659967,1.239329,0.744905
6.679959,1.242182,0.744400
6.699956,1.245036,0.744157
6.719957,1.247891,0.744561
6.739971,1.250750,0.745982
6.759958,1.253601,0.748339
6.779954,1.256455,0.750796
6.799987,1.259319,0.754068
6.819987,1.262174,0.758274
6.840001,1.265033,0.763191
6.859957,1.267875,0.769126
6.879951,1.270728,0.776460
6.899955,1.273584,0.784572
6.919953,1.276439,0.793055
6.939943,1.279291,0.801436
6.959955,1.282149,0.809617
6.979951,1.285003,0.815801
6.999958,1.287860,0.821428
7.019957,1.290714,0.826674
7.039951,1.293567,0.830962
7.059987,1.296432,0.833980
7.079953,1.299278,0.837026
7.099947,1.302131,0.840257
7.119958,1.304989,0.842717
7.140036,1.307865,0.844924
7.159947,1.310696,0.846935
7.179947,1.313551,0.848263
7.199944,1.316405,0.850809
7.219977,1.319269,0.855422
7.239954,1.322117,0.862123
7.259987,1.324981,0.870570
7.279944,1.327824,0.880182
7.299943,1.330679,0.890759
7.319954,1.333537,0.901925
7.340088,1.336429,0.912753
7.359945,1.339244,0.922923
7.379946,1.342099,0.932534
7.399942,1.344953,0.941014
7.419967,1.347815,0.948749
7.439949,1.350665,0.955728
7.459938,1.353517,0.961370
7.479983,1.356384,0.965380
7.499983,1.359239,0.968046
7.519965,1.362089,0.970406
7.540127,1.364989,0.972703
7.559943,1.367793,0.975049
7.579942,1.370647,0.976956
7.599963,1.373508,0.978758
7.619951,1.376360,0.980506
7.640215,1.379288,0.981521
7.659938,1.382067,0.982105
7.679937,1.384921,0.982165
7.699944,1.387778,0.981820
7.719940,1.390632,0.981616
7.739972,1.393496,0.981956
7.759939,1.396341,0.983396
7.779943,1.399197,0.986033
7.799939,1.402051,0.989011
7.819981,1.404918,0.992863
7.840044,1.407790,0.997321
7.859934,1.410615,1.001821
7.879979,1.413482,1.005408
7.899941,1.416326,1.008483
7.920034,1.419207,1.010874
7.940014,1.422056,1.014109
7.959935,1.424889,1.018151
7.979935,1.427744,1.022406
7.999932,1.430598,1.026405
8.019935,1.433454,1.030444
8.040791,1.436552,1.034453
8.059929,1.439172,1.038366
8.079969,1.442037,1.041503
8.099974,1.444894,1.043320
8.119966,1.447746,1.044759
8.139935,1.450593,1.045053
8.160701,1.453665,1.044185
8.179945,1.456313,1.042841
8.199966,1.459173,1.041662
8.219934,1.462020,1.041930
8.239895,1.464863,1.044496
8.260027,1.467755,1.048553
8.280377,1.470708,1.054882
8.300159,1.473503,1.058397
8.319930,1.476294,1.069387
8.339927,1.479148,1.075998
8.359936,1.482006,1.082228
8.380307,1.484965,1.087940
8.399921,1.487713,1.094524
8.419931,1.490571,1.099679
8.439927,1.493424,1.106155
8.459925,1.496279,1.111933
8.480322,1.499245,1.116436
8.499967,1.502002,1.120576
8.519965,1.504857,1.123264
8.539926,1.507700,1.124023
8.559931,1.510557,1.124072
8.581342,1.513817,1.123481
8.599922,1.516290,1.122901
8.619925,1.519146,1.123648
8.639923,1.522000,1.124531
8.659968,1.524867,1.126471
8.679929,1.527711,1.128856
8.699935,1.530568,1.131123
8.719929,1.533421,1.134045
8.739932,1.536277,1.137261
8.760190,1.539204,1.141510
8.779913,1.541982,1.146392
8.799941,1.544845,1.150420
8.819927,1.547696,1.154396
8.839923,1.550549,1.157749
8.860117,1.553459,1.160564
8.879920,1.556259,1.163467
8.899921,1.559114,1.166209
8.919924,1.561970,1.169532
8.939922,1.564824,1.174033
8.960168,1.567748,1.179409
8.979995,1.570555,1.185056
8.999920,1.573389,1.189958
9.019925,1.576245,1.193600
9.039918,1.579098,1.196693
9.060036,1.581986,1.199130
9.079933,1.584812,1.200595
9.099930,1.587666,1.202128
9.119923,1.590519,1.203372
9.139923,1.593374,1.203523
9.159937,1.596233,1.204246
9.180147,1.599146,1.203792
9.199920,1.601938,1.203116
9.219923,1.604794,1.203561
9.239956,1.607658,1.203659
9.259913,1.610501,1.205713
9.279932,1.613361,1.209199
9.299917,1.616212,1.212253
9.319917,1.619067,1.216251
9.339917,1.621922,1.219665
9.359919,1.624777,1.222639
9.379918,1.627632,1.225737
9.399916,1.630486,1.228447
9.419915,1.633341,1.231508
9.439911,1.636194,1.234421
9.459921,1.639052,1.235676
9.479912,1.641905,1.235793
9.499922,1.644762,1.234207
9.519915,1.647615,1.231445
9.539922,1.650472,1.228371
9.559919,1.653326,1.224856
9.579912,1.656179,1.221862
9.599919,1.659036,1.220128
9.619914,1.661889,1.218956
9.639910,1.664743,1.218090
9.659935,1.667605,1.217053
9.679908,1.670452,1.215359
9.699915,1.673309,1.213710
9.719916,1.676164,1.211989
9.739907,1.679017,1.211618
9.759928,1.681877,1.213151
9.780047,1.684765,1.215371
9.799908,1.687582,1.217828
9.819912,1.690438,1.220309
9.839905,1.693291,1.221318
9.859909,1.696147,1.220964
9.879904,1.699000,1.219444
9.899949,1.701867,1.217029
9.919910,1.704712,1.215606
9.939905,1.707565,1.215046
9.959907,1.710421,1.216176
9.979914,1.713277,1.219178
9.999969,1.716147,1.223644
10.019907,1.718985,1.228513
10.039902,1.721839,1.233319
10.059947,1.724706,1.238496
10.079909,1.727550,1.241619
10.100119,1.730464,1.242405
10.119896,1.733257,1.240800
10.139900,1.736113,1.237292
10.159908,1.738970,1.232301
10.179921,1.741829,1.226413
10.199923,1.744684,1.221847
10.219919,1.747538,1.219313
10.239902,1.750388,1.218091
10.259946,1.753255,1.218673
10.279941,1.756109,1.219912
10.299906,1.758954,1.221335
10.320124,1.761870,1.222059
10.340288,1.764770,1.220838
10.359940,1.767529,1.218228
10.379942,1.770384,1.215141
10.399943,1.773240,1.211058
10.419949,1.776096,1.206935
10.439951,1.778952,1.202647
10.459944,1.781805,1.199219
10.479939,1.784658,1.197999
10.499938,1.787513,1.197560
10.519941,1.790368,1.197304
10.539951,1.793226,1.198013
10.559996,1.796094,1.198338
10.579937,1.798932,1.198222
10.599919,1.801782,1.199123
10.619936,1.804641,1.199455
10.639925,1.807493,1.200424
10.659917,1.810346,1.201178
10.679938,1.813207,1.199548
10.699938,1.816062,1.197550
10.719937,1.818916,1.196245
10.739897,1.821760,1.194851
10.760021,1.824649,1.194231
10.779896,1.827470,1.193729
10.799900,1.830326,1.192876
10.819934,1.833190,1.191656
10.839912,1.836039,1.189329
10.860646,1.839101,1.187093
10.879886,1.841748,1.185144
10.899897,1.844606,1.183107
10.919892,1.847460,1.182221
10.939895,1.850315,1.182982
10.959909,1.853174,1.185746
10.979933,1.856036,1.189937
10.999899,1.858881,1.194941
11.019893,1.861735,1.200421
11.039893,1.864589,1.206793
11.059911,1.867449,1.213004
11.079899,1.870301,1.218122
11.099889,1.873153,1.221656
11.119896,1.876010,1.224348
11.139889,1.878863,1.226733
11.159928,1.881728,1.227199
11.180018,1.884608,1.225163
11.199881,1.887425,1.221906
11.219928,1.890293,1.218506
11.239887,1.893137,1.215835
11.259887,1.895992,1.214056
11.279893,1.898848,1.212649
11.300159,1.901778,1.212038
11.319894,1.904559,1.212031
11.339886,1.907412,1.212264
11.359926,1.910278,1.213144
11.379928,1.913133,1.215162
11.400262,1.916082,1.217540
11.419876,1.918830,1.220303
11.439884,1.921687,1.222853
11.459926,1.924554,1.225887
11.479928,1.927409,1.228546
11.499899,1.930256,1.230820
11.519905,1.933113,1.232662
11.539886,1.935962,1.233146
11.559887,1.938817,1.232892
11.579885,1.941672,1.232411
11.599894,1.944529,1.231543
11.620054,1.947429,1.231036
11.639879,1.950235,1.231274
11.659886,1.953092,1.231634
11.679890,1.955948,1.232232
11.699883,1.958801,1.232476
11.720448,1.961815,1.232676
11.739873,1.964512,1.233399
11.759882,1.967369,1.233828
11.779897,1.970228,1.234303
11.799923,1.973090,1.233484
11.820224,1.976030,1.231674
11.839874,1.978788,1.230094
11.859881,1.981645,1.228890
11.879923,1.984511,1.229418
11.899891,1.987357,1.231278
11.920227,1.990306,1.234489
11.939874,1.993064,1.239105
11.959876,1.995919,1.242767
11.979880,1.998775,1.247024
11.999878,2.001630,1.251210
12.019887,2.004487,1.254677
12.039874,2.007338,1.257238
12.059917,2.010205,1.257887
12.079874,2.013048,1.257787
12.099886,2.015906,1.256700
12.119898,2.018764,1.254697
12.139873,2.021612,1.252548
12.159887,2.024471,1.250106
12.179914,2.027334,1.249293
12.199895,2.030183,1.249456
12.219872,2.033032,1.250792
12.239909,2.035897,1.253027
12.259914,2.038753,1.255282
12.279913,2.041608,1.258347
12.299931,2.044468,1.261383
12.319882,2.047309,1.264961
12.339872,2.050161,1.268123
12.359878,2.053018,1.270917
12.379914,2.055882,1.273884
12.399883,2.058729,1.275997
12.420361,2.061718,1.277958
12.440044,2.064485,1.279825
12.459872,2.067293,1.282020
12.479868,2.070146,1.285212
12.499913,2.073014,1.287748
12.519875,2.075858,1.290213
12.539959,2.078736,1.292400
12.559870,2.081567,1.293239
12.579881,2.084424,1.293437
12.599869,2.087276,1.292665
12.619871,2.090131,1.290701
12.639870,2.092986,1.288818
12.659902,2.095850,1.286070
12.679905,2.098706,1.284276
12.699914,2.101563,1.283239
12.719882,2.104409,1.282265
12.739877,2.107262,1.281740
12.759907,2.110125,1.280228
12.779875,2.112971,1.278464
12.799869,2.115825,1.276984
12.819868,2.118679,1.275113
12.839862,2.121533,1.273433
12.859891,2.124395,1.271585
12.879876,2.127246,1.270528
12.899867,2.130099,1.270500
12.919865,2.132953,1.271534
12.939862,2.135807,1.273153
12.959863,2.138662,1.274735
12.980073,2.141576,1.276296
12.999864,2.144373,1.277123
13.019862,2.147227,1.278026
13.039875,2.150086,1.278961
13.059862,2.152937,1.279718
13.079863,2.155792,1.280516
13.099866,2.158648,1.280505
13.119871,2.161504,1.280266
13.139862,2.164356,1.280081
13.159868,2.167213,1.279579
13.179875,2.170070,1.280426
13.199897,2.172931,1.281103
13.219868,2.175777,1.281808
13.239862,2.178631,1.282230
13.259860,2.181485,1.281435
13.279858,2.184339,1.280535
13.299870,2.187198,1.279414
13.319860,2.190050,1.278089
13.339861,2.192905,1.276940
13.359860,2.195759,1.275945
13.379858,2.198614,1.275194
13.399854,2.201468,1.273603
13.419859,2.204324,1.271364
13.439859,2.207179,1.268540
13.459861,2.210034,1.266188
13.480139,2.212967,1.264757
13.499855,2.215743,1.264916
13.519859,2.218599,1.267770
13.539855,2.221453,1.271425
13.559859,2.224309,1.275306
13.580190,2.227257,1.277736
13.599854,2.230019,1.277467
13.619858,2.232875,1.276026
13.639896,2.235740,1.274217
13.659905,2.238597,1.273638
13.679853,2.235757,1.276033
13.699858,2.232901,1.281937
13.719896,2.230035,1.291904
13.739856,2.227191,1.304485
13.759857,2.224336,1.314454
13.779855,2.221482,1.322021
13.799856,2.218627,1.327085
13.819896,2.215761,1.329505
13.839902,2.212904,1.328777
13.859914,2.210046,1.323614
13.879848,2.207209,1.315243
13.899855,2.204353,1.305308
13.919856,2.201497,1.295674
13.939866,2.204355,1.287476
13.959862,2.207209,1.280082
13.979890,2.210072,1.270743
13.999852,2.212916,1.258074
14.019852,2.215771,1.244065
14.039860,2.218628,1.231026
14.060229,2.215669,1.218083
14.079848,2.212919,1.203783
14.099849,2.210064,1.187634
14.119852,2.207209,1.168564
14.139849,2.204354,1.148676
14.159854,2.201498,1.129150
14.179842,2.198647,1.109532
14.199848,2.195790,1.092392
14.219848,2.192935,1.073681
14.239849,2.190080,1.056171
14.259845,2.187226,1.040104
14.279844,2.184372,1.025982
14.299846,2.181516,1.015134
14.319845,2.178662,1.004050
14.339845,2.175807,0.994032
14.359835,2.172955,0.984986
14.379846,2.170097,0.979304
14.399852,2.167240,0.975210
14.419846,2.164387,0.973714
14.439852,2.161531,0.973248
14.459846,2.158677,0.973130
14.480073,2.155759,0.974292
14.499833,2.152970,0.975278
14.519900,2.150097,0.974777
14.539841,2.147258,0.972470
14.559844,2.144403,0.969060
14.579850,2.141546,0.966970
14.599843,2.138693,0.965992
14.619841,2.135839,0.964995
14.639840,2.132984,0.964675
14.659896,2.130114,0.965028
14.679832,2.127277,0.965630
14.699878,2.124409,0.966789
14.719852,2.121561,0.969437
14.739837,2.118711,0.972509
14.760161,2.115765,0.976186
14.779834,2.113000,0.979560
14.799840,2.110144,0.980859
14.819855,2.107285,0.981312
14.839841,2.104434,0.980705
14.860007,2.101532,0.979616
14.879837,2.098725,0.978409
14.899814,2.095876,0.976304
14.919843,2.093013,0.974135
14.939836,2.090160,0.973030
14.959845,2.087303,0.972905
14.979837,2.084450,0.973791
14.999838,2.081595,0.974365
15.019838,2.078740,0.973293
15.039839,2.075885,0.971954
15.059838,2.078740,0.970804
15.080082,2.081663,0.971119
15.099834,2.084449,0.973487
15.119838,2.087305,0.977293
15.139833,2.090159,0.982569
15.159842,2.093016,0.988336
15.180283,2.095995,0.993888
15.199826,2.098724,1.000576
15.219836,2.101582,1.007846
15.239834,2.104436,1.016303
15.259835,2.107291,1.025024
15.279853,2.110151,1.033391
15.299827,2.112998,1.040732
15.319833,2.115855,1.046041
15.339837,2.118711,1.050254
15.359832,2.121565,1.053974
15.379846,2.124423,1.056874
15.399835,2.127275,1.059218
15.419838,2.130131,1.060844
15.439835,2.132985,1.063497
15.459830,2.135838,1.068228
15.479831,2.138694,1.073349
15.499836,2.141550,1.077846
15.519834,2.144404,1.081577
15.539826,2.147257,1.085479
15.559829,2.150113,1.090038
15.580061,2.153032,1.094325
15.599830,2.155823,1.097904
15.619832,2.158679,1.101220
15.639836,2.161535,1.103361
15.659829,2.164388,1.105252
15.679827,2.167242,1.107182
15.699826,2.170097,1.109512
15.719825,2.172951,1.112988
15.739820,2.175805,1.117400
15.759840,2.178665,1.122261
15.779820,2.181514,1.129715
15.799832,2.184373,1.138365
15.819826,2.187226,1.148592
15.839865,2.190092,1.158832
15.859831,2.192937,1.167579
15.879814,2.195787,1.174154
15.899823,2.198644,1.176967
15.919823,2.201500,1.178429
15.939829,2.204356,1.180569
15.959831,2.207211,1.183448
15.980159,2.210158,1.184874
15.999821,2.212920,1.185706
16.019823,2.215775,1.187398
16.039819,2.218629,1.191461
16.059822,2.221485,1.198341
16.079817,2.224338,1.204943
16.099822,2.227194,1.208911
16.119822,2.230049,1.211437
16.139821,2.232904,1.213633
16.159821,2.235759,1.217045
16.179835,2.238617,1.220853
16.199813,2.241466,1.223351
16.219822,2.244324,1.223916
16.239819,2.247178,1.221504
16.259819,2.250033,1.217117
16.279822,2.252888,1.210578
16.299812,2.255740,1.203163
16.319831,2.258601,1.195288
16.339813,2.261451,1.187944
16.359817,2.264307,1.182272
16.379818,2.266770,1.178294
16.400309,2.268942,1.174869
16.419815,2.270718,1.171786
16.439816,2.271740,1.170801
16.459832,2.272745,1.173287
16.479815,2.273801,1.177962
16.499859,2.275858,1.183782
16.519819,2.277901,1.189814
16.540244,2.279962,1.195053
16.559840,2.281958,1.201730
16.579814,2.284805,1.208922
16.599816,2.287661,1.215700
16.619833,2.290490,1.222823
16.639957,2.293379,1.228033
16.659853,2.296205,1.231522
16.679827,2.299053,1.233744
16.699853,2.301915,1.235316
16.719850,2.304769,1.236924
16.739804,2.307611,1.238803
16.759811,2.310468,1.240966
16.779851,2.313334,1.243128
16.799807,2.316176,1.244052
16.820162,2.318957,1.244046
16.839810,2.321701,1.244636
16.859838,2.324307,1.246988
16.879809,2.326762,1.250361
16.899810,2.329617,1.254279
16.920257,2.332524,1.257924
16.939806,2.335082,1.259381
16.959806,2.337501,1.261012
16.979849,2.340178,1.263819
16.999807,2.342690,1.267165
17.019821,2.345070,1.270453
17.039806,2.347442,1.272616
17.059809,2.349657,1.274700
17.079810,2.351748,1.277494
17.099807,2.354041,1.279702
17.119814,2.356130,1.280090
17.139912,2.358009,1.279464
17.159853,2.359879,1.277826
17.179808,2.361534,1.276528
17.199806,2.362992,1.275084
17.219806,2.364271,1.273759
17.240014,2.364959,1.272200
17.259804,2.365498,1.269845
17.279805,2.365927,1.267743
17.299806,2.366271,1.266034
17.319804,2.366562,1.265399
17.339817,2.366839,1.265831
17.359800,2.367244,1.267313
17.379841,2.367705,1.269920
17.399842,2.368240,1.273299
17.419842,2.368864,1.277202
17.439806,2.369844,1.280848
17.460178,2.370818,1.283128
17.479840,2.371683,1.283603
17.499842,2.372902,1.283787
17.519803,2.374043,1.285166
17.539802,2.375146,1.287433
17.559795,2.376761,1.289774
17.579840,2.378308,1.292549
17.599818,2.379807,1.296133
17.619813,2.381305,1.300885
17.639846,2.383219,1.304840
17.659837,2.385082,1.309392
17.679820,2.386897,1.313813
17.699799,2.389380,1.316782
17.719838,2.391703,1.319127
17.739816,2.393856,1.321062
17.760048,2.396261,1.322035
17.779844,2.398370,1.321343
17.799837,2.400243,1.319466
17.819875,2.401679,1.318867
17.839794,2.403031,1.320921
17.859836,2.404380,1.324917
17.879799,2.405734,1.329565
17.899798,2.407445,1.333029
17.920200,2.409134,1.336630
17.939807,2.410714,1.340426
17.959835,2.412953,1.343345
17.979842,2.415021,1.344837
17.999834,2.416889,1.344775
18.019788,2.418577,1.343079
18.039795,2.420035,1.340608
18.059836,2.421262,1.337371
18.079834,2.422291,1.334724
18.099816,2.422240,1.333744
18.119840,2.422242,1.335320
18.139809,2.422391,1.340109
18.159831,2.423368,1.347571
18.179835,2.424493,1.355408
18.199834,2.425680,1.360891
18.219797,2.427614,1.366444
18.239794,2.429576,1.373210
18.259830,2.431559,1.379883
18.279830,2.433479,1.384051
18.299788,2.436322,1.384170
18.319830,2.439189,1.382712
18.339948,2.441734,1.378713
18.359787,2.443165,1.370820
18.379830,2.444078,1.357722
18.399790,2.444374,1.340179
18.419788,2.441626,1.320927
18.439925,2.438732,1.300762
18.459782,2.435917,1.282157
18.479859,2.433041,1.269602
18.499790,2.430205,1.262633
18.519789,2.427351,1.261801
18.539787,2.424496,1.266945
18.559793,2.421640,1.276620
18.579791,2.418785,1.290610
18.600564,2.415712,1.297905
18.619779,2.414816,1.319407
18.639787,2.414305,1.330238
18.659802,2.414085,1.338037
18.679796,2.415640,1.346285
18.699776,2.417404,1.357700
18.719788,2.419299,1.367118
18.739786,2.421171,1.372163
18.759786,2.424026,1.374774
18.779802,2.426885,1.376358
18.799775,2.429733,1.376932
18.819785,2.432590,1.377436
18.839785,2.435445,1.377846
18.859782,2.438299,1.378865
18.880011,2.441152,1.380967
18.899781,2.443792,1.384984
18.919782,2.446434,1.392544
18.939783,2.449089,1.401558
18.959806,2.451951,1.411408
18.979793,2.454802,1.423235
18.999784,2.457654,1.433196
19.019796,2.460512,1.444311
19.039788,2.463365,1.455284
19.059822,2.466229,1.466021
19.080110,2.469165,1.475728
19.099820,2.471940,1.483651
19.119816,2.474794,1.491006
19.139872,2.477664,1.496111
19.159821,2.480505,1.499566
19.179788,2.483350,1.503237
19.199797,2.486208,1.507774
19.219804,2.489064,1.513171
19.239781,2.491913,1.518497
19.259774,2.494766,1.522583
19.279793,2.497626,1.524989
19.299772,2.500475,1.525701
19.319778,2.503332,1.524189
19.339774,2.506185,1.520819
19.359780,2.509042,1.515873
19.379784,2.511898,1.509878
19.399800,2.514757,1.503068
19.419776,2.517605,1.497225
19.439770,2.520459,1.491758
19.459776,2.523315,1.487616
19.479787,2.526173,1.485217
19.499771,2.529024,1.483874
19.519773,2.531631,1.483601
19.539782,2.533830,1.484005
19.559772,2.535834,1.484571
19.579774,2.537655,1.484768
19.599792,2.539310,1.484976
19.619764,2.540793,1.486068
19.639773,2.542160,1.486848
19.659771,2.543443,1.488420
19.679775,2.545176,1.489564
19.699782,2.546742,1.489479
19.719772,2.548098,1.487436
19.739763,2.548960,1.483081
19.759786,2.549601,1.478340
19.779780,2.550011,1.472566
19.799800,2.549235,1.466650
19.819768,2.548372,1.461109
19.839784,2.547443,1.456098
19.859781,2.546472,1.451654
19.879777,2.544718,1.447487
19.899764,2.543031,1.444069
19.919807,2.541400,1.440675
19.939776,2.539148,1.437421
19.959769,2.537007,1.434041
19.979767,2.534959,1.430248
19.999837,2.532412,1.425798
20.019764,2.529998,1.421423
20.039764,2.527659,1.416400
20.059766,2.525388,1.411039
20.080095,2.522441,1.406703
20.099765,2.519677,1.404246
20.119770,2.516823,1.403606
20.139768,2.513968,1.404499
20.159764,2.511471,1.407631
20.179785,2.509364,1.412844
20.199763,2.508449,1.418185
20.219763,2.507793,1.424258
20.239770,2.507367,1.430159
20.259801,2.507142,1.435742
20.280030,2.507961,1.440368
20.299763,2.508771,1.443407
20.319767,2.509588,1.445910
20.339769,2.510930,1.447549
20.359782,2.512169,1.448348
20.380382,2.513315,1.448178
20.400281,2.514366,1.447888
20.419756,2.515293,1.447746
20.439768,2.516172,1.448271
20.459846,2.517210,1.449829
20.480135,2.518224,1.452064
20.500004,2.519155,1.453190
20.519766,2.520133,1.457985
20.539752,2.521412,1.461962
20.559761,2.522715,1.466796
20.579797,2.524024,1.471097
20.599751,2.526217,1.474493
20.619956,2.528310,1.477355
20.640148,2.530230,1.478338
20.659756,2.532450,1.481188
20.679768,2.534539,1.482448
20.699774,2.536423,1.482251
20.719776,2.538092,1.481066
20.739787,2.539561,1.478514
20.760203,2.540822,1.475399
20.779762,2.541804,1.471489
20.799756,2.541894,1.466808
20.819755,2.541841,1.462278
20.839749,2.541681,1.458445
20.859755,2.540865,1.456109
20.879749,2.540080,1.454510
20.899750,2.539349,1.453829
20.919782,2.538687,1.453841
20.940218,2.537731,1.453987
20.960658,2.536884,1.454509
20.980381,2.536147,1.454600
20.999992,2.535515,1.454099
21.019748,2.534906,1.453006
21.039751,2.534309,1.451682
21.059749,2.533679,1.450387
21.079753,2.533118,1.450693
21.099800,2.532667,1.452625
21.121097,2.532457,1.456422
21.140450,2.532346,1.458571
21.160233,2.532377,1.463235
21.179750,2.532662,1.472258
21.199792,2.534127,1.478494
21.219768,2.535659,1.485670
21.239743,2.537245,1.492446
21.259750,2.540102,1.498788
21.279789,2.542927,1.504976
21.300046,2.545676,1.510577
21.319788,2.548459,1.516654
21.339750,2.551304,1.521705
21.359749,2.554158,1.526278
21.379824,2.557034,1.529746
21.399763,2.559872,1.532069
21.419759,2.562726,1.533352
21.439744,2.565577,1.533216
21.459746,2.568432,1.532225
21.479741,2.571285,1.530223
21.499748,2.573963,1.528501
21.519784,2.576052,1.527022
21.539776,2.577891,1.525404
21.559747,2.579520,1.524252
21.579745,2.580969,1.523321
21.599783,2.582026,1.522052
21.619785,2.582934,1.520467
21.639738,2.583689,1.518154
21.659745,2.584001,1.515251
21.679744,2.584162,1.511006
21.699747,2.584168,1.506127
21.719742,2.583200,1.500388
21.739737,2.582141,1.494087
21.759756,2.580994,1.487640
21.779790,2.578557,1.481518
21.799749,2.576179,1.475312
21.820184,2.573817,1.469918
21.839744,2.571648,1.465600
21.859738,2.568795,1.462127
21.879740,2.566090,1.460072
21.899738,2.563595,1.458390
21.919748,2.560896,1.457542
21.939708,2.558442,1.456915
21.959735,2.556204,1.456567
21.979744,2.554118,1.456640
21.999739,2.552241,1.456993
22.019817,2.550583,1.458598
22.039753,2.549146,1.460411
22.059754,2.548112,1.462490
22.079776,2.547216,1.463877
22.099738,2.546409,1.463908
22.120142,2.545795,1.462580
22.139731,2.545171,1.459393
22.159774,2.544476,1.455312
22.179736,2.542998,1.449813
22.199741,2.541501,1.444472
22.219945,2.539989,1.439596
22.239737,2.538528,1.435473
22.259777,2.536263,1.432485
22.279738,2.534144,1.429843
22.299730,2.532173,1.428057
22.319729,2.529940,1.426683
22.339730,2.527847,1.424195
22.359774,2.525855,1.420994
22.379736,2.523276,1.416707
22.399772,2.520816,1.412752
22.420064,2.518453,1.409046
22.439765,2.515680,1.406095
22.459775,2.513081,1.404586
22.479772,2.510754,1.405338
22.499738,2.508711,1.407385
22.519729,2.507033,1.411023
22.539729,2.505636,1.415144
22.559726,2.504493,1.419218
22.579732,2.504324,1.423109
22.599733,2.504248,1.425781
22.619734,2.504231,1.427543
22.640645,2.504858,1.427842
22.659736,2.505373,1.427726
22.680866,2.505874,1.427249
22.699734,2.506230,1.425551
22.719731,2.506351,1.424328
22.739736,2.506424,1.423113
22.759721,2.506474,1.422549
22.779728,2.506363,1.422040
22.799732,2.506257,1.421839
22.819733,2.506150,1.421438
22.839779,2.505880,1.421308
22.859764,2.505651,1.421752
22.879764,2.505480,1.422987
22.899766,2.505381,1.424830
22.919771,2.505697,1.427859
22.939741,2.506111,1.432199
22.959765,2.506623,1.436772
22.979729,2.507831,1.441945
22.999728,2.509067,1.446722
23.019718,2.510320,1.451215
23.039725,2.512377,1.453165
23.059725,2.514269,1.454210
23.079726,2.515961,1.453558
23.101021,2.517525,1.452270
23.119719,2.518717,1.450482
23.139735,2.519818,1.448568
23.159723,2.520771,1.447139
23.179723,2.521338,1.446642
23.199743,2.521852,1.446673
23.219715,2.522318,1.446722
23.239719,2.522787,1.446824
23.259723,2.523217,1.447018
23.279724,2.523605,1.446967
23.299876,2.523922,1.446667
23.319721,2.524213,1.446970
23.339741,2.524498,1.447570
23.359722,2.524793,1.448796
23.379725,2.525224,1.450187
23.399721,2.525653,1.451439
23.419720,2.526084,1.452840
23.439719,2.526731,1.454334
23.459720,2.527369,1.456071
23.479728,2.527995,1.457626
23.499734,2.528761,1.459366
23.519722,2.529507,1.461161
23.539720,2.530244,1.463173
23.559720,2.530991,1.465810
23.579718,2.532388,1.469395
23.599712,2.533775,1.473461
23.619717,2.535173,1.478097
23.639717,2.537181,1.482751
23.659717,2.539141,1.487440
23.679718,2.541044,1.491730
23.699708,2.543702,1.495440
23.719709,2.546203,1.498597
23.739712,2.548543,1.501102
23.759804,2.551276,1.503277
23.779753,2.553792,1.505286
23.799721,2.556137,1.507470
23.819752,2.558337,1.509811
23.839715,2.560786,1.512145
23.859751,2.563080,1.514466
23.879716,2.565238,1.517424
23.899736,2.567303,1.520178
23.919748,2.569255,1.523021
23.939751,2.571073,1.524802
23.959729,2.573062,1.524385
23.979751,2.574780,1.521438
24.000272,2.576221,1.516468
24.019717,2.577252,1.509278
24.039715,2.577170,1.500482
24.059714,2.576796,1.490280
24.079736,2.576182,1.480883
24.099705,2.573703,1.472653
24.119711,2.571283,1.466873
24.139720,2.568972,1.462850
24.159710,2.566120,1.460676
24.179933,2.563322,1.460277
24.199710,2.560817,1.459305
24.219705,2.558496,1.458354
24.239711,2.556369,1.457080
24.259725,2.554414,1.456079
24.279729,2.552612,1.454928
24.299707,2.550632,1.453951
24.319746,2.548847,1.454365
24.339709,2.547276,1.455646
24.360103,2.545913,1.458026
24.379709,2.544808,1.460825
24.399745,2.543872,1.463728
24.419793,2.543833,1.466546
24.439667,2.543847,1.468215
24.459818,2.543871,1.468580
24.479743,2.543866,1.467692
24.499721,2.543886,1.465613
24.519721,2.543817,1.462638
24.539723,2.543627,1.458368
24.559698,2.542365,1.454411
24.579722,2.541116,1.450891
24.599741,2.539918,1.448622
24.619719,2.538416,1.447578
24.639727,2.537043,1.447170
24.660343,2.535774,1.447445
24.679704,2.534738,1.448930
24.699741,2.534131,1.450313
24.719739,2.533647,1.452450
24.739710,2.533281,1.454834
24.760006,2.533298,1.457549
24.779703,2.533407,1.460814
24.799695,2.533638,1.465359
24.819699,2.534670,1.470719
24.839729,2.535753,1.475802
24.859701,2.536868,1.480583
24.879717,2.537987,1.484318
24.899738,2.539888,1.486431
24.919716,2.541622,1.487070
24.939713,2.543168,1.486191
24.959700,2.544507,1.484499
24.979739,2.545647,1.481962
24.999697,2.546630,1.480470
25.019735,2.546890,1.475873
25.039714,2.547028,1.472648
25.059702,2.547070,1.469857
25.079771,2.546644,1.466852
25.099713,2.546158,1.463247
25.119698,2.545619,1.459883
25.139712,2.545021,1.456102
25.159699,2.543766,1.452630
25.179692,2.542531,1.449281
25.200054,2.541311,1.446428
25.219695,2.539345,1.444398
25.239695,2.537502,1.443408
25.259697,2.535865,1.444440
25.279690,2.534517,1.447631
25.299687,2.533460,1.453005
25.319732,2.532671,1.458577
25.339697,2.532127,1.464105
25.359731,2.533191,1.469259
25.379708,2.534252,1.472612
25.399694,2.535243,1.473659
25.419692,2.536480,1.472294
25.439692,2.537489,1.468621
25.459692,2.538262,1.463956
25.479652,2.538341,1.461381
25.499691,2.538195,1.454183
25.519693,2.537991,1.451803
25.539692,2.537789,1.451208
25.560053,2.537089,1.452841
25.579728,2.536583,1.456389
25.599733,2.536262,1.461211
25.619693,2.536741,1.467215
25.639709,2.537354,1.473162
25.659706,2.538116,1.480108
25.679725,2.540192,1.486764
25.699727,2.542230,1.492219
25.719705,2.544211,1.496957
25.740684,2.547288,1.500823
25.759704,2.549876,1.505472
25.779688,2.552557,1.510371
25.799690,2.555143,1.515722
25.819689,2.557997,1.520689
25.839687,2.560852,1.525255
25.859680,2.563704,1.528864
25.879682,2.566560,1.531807
25.899681,2.569414,1.534138
25.919702,2.572275,1.535580
25.939679,2.575124,1.536222
25.959679,2.577979,1.536262
25.979689,2.580716,1.536786
25.999686,2.583195,1.536911
26.019691,2.585476,1.538000
26.039704,2.587572,1.539085
26.059685,2.589484,1.539712
26.079687,2.591368,1.538318
26.099721,2.592987,1.535261
26.119701,2.594407,1.533867
26.139676,2.595467,1.535879
26.159681,2.596577,1.540981
26.179720,2.597856,1.550228
26.199699,2.599371,1.562522
26.219737,2.596506,1.576942
26.239720,2.593656,1.590111
26.259718,2.590801,1.599241
26.279683,2.587956,1.604224
26.299720,2.585091,1.606098
26.319861,2.582197,1.605689
26.339680,2.579392,1.602571
26.359673,2.576539,1.595620
26.379718,2.573672,1.585095
26.399731,2.570813,1.571277
26.419675,2.567974,1.556523
26.439679,2.565118,1.541505
26.459718,2.562252,1.526155
26.479718,2.559397,1.511745
26.499692,2.556550,1.497060
26.519670,2.553701,1.482278
26.539672,2.550846,1.467966
26.559673,2.547990,1.453337
26.579679,2.545134,1.438838
26.599827,2.542238,1.424742
26.619678,2.539424,1.411653
26.639678,2.536569,1.400772
26.659632,2.533727,1.392585
26.679671,2.530861,1.386904
26.699688,2.528002,1.383920
26.720238,2.524992,1.383565
26.739917,2.522226,1.383943
26.759713,2.519427,1.385995
26.779669,2.516585,1.386659
26.799675,2.513728,1.385595
26.819676,2.510873,1.382407
26.839667,2.508021,1.376574
26.859689,2.505160,1.368871
26.879675,2.502309,1.358957
26.899677,2.499453,1.346650
26.919667,2.496601,1.333271
26.940205,2.493595,1.319702
26.959690,2.490881,1.306490
